{
  "total_cases_generated": 100,
  "total_seconds": 5987.296751087066,
  "average_seconds": 59.87291922682431,
  "case_times": [
    60.593127998989075,
    53.30958928691689,
    59.92949781392235,
    54.07782096997835,
    54.35114802897442,
    106.66371889295988,
    51.53666169394273,
    62.52874701004475,
    50.62588099297136,
    53.48343694698997,
    99.30085599201266,
    64.14192662504502,
    56.1573205870809,
    53.2432520580478,
    55.242573057999834,
    57.355386959039606,
    54.640640376950614,
    49.1748549049953,
    49.51171075599268,
    56.387104672030546,
    96.14983497804496,
    52.654882599948905,
    52.51108249905519,
    51.8852718109265,
    100.19411194091663,
    60.934809250058606,
    57.47886503802147,
    52.02669633401092,
    58.4677590560168,
    99.08410038403235,
    58.574434436974116,
    95.6226310179336,
    49.4783740430139,
    84.3559488710016,
    51.84205865697004,
    53.03070492797997,
    45.763293892960064,
    55.15125708002597,
    47.378675987012684,
    48.94633189390879,
    69.23200023395475,
    56.293714291998185,
    55.68121957604308,
    53.834463502978906,
    57.34362368506845,
    57.19685533596203,
    54.88909237505868,
    52.67417072097305,
    52.69061420799699,
    53.58045796898659,
    53.3485100310063,
    57.59974654589314,
    64.78881654096767,
    50.03044758900069,
    100.16611413203645,
    52.86947359901387,
    55.78903567895759,
    56.34306794998702,
    50.414700914989226,
    45.57518930698279,
    59.627946728956886,
    52.87572855898179,
    57.68396805797238,
    50.52473801700398,
    54.63018102198839,
    51.33204490307253,
    53.793336212984286,
    64.83027362497523,
    59.467430443968624,
    54.4779237419134,
    53.464549839962274,
    52.63785886403639,
    59.126138904015534,
    51.23523391899653,
    50.1131964760134,
    58.55022217601072,
    56.57927170500625,
    61.756705784006044,
    57.891748131019995,
    55.84336425201036,
    57.29059553099796,
    55.62302468006965,
    54.056235152995214,
    51.961070959921926,
    45.95981932291761,
    53.656345619936474,
    52.31742741900962,
    59.920207177056,
    48.30499093804974,
    51.25605191197246,
    57.299511299002916,
    130.89510620897636,
    47.490062005934305,
    54.80117168906145,
    52.572377645992674,
    56.72764905402437,
    49.89005954598542,
    52.09013475605752,
    56.699876819970086,
    157.91064907005057
  ]
}